{"cameraMode":{"drawMode":0,"name":"Shaded","section":"Shading Mode"},"sceneLighting":false,"audioPlay":false,"sceneViewState":{"showFog":true,"showMaterialUpdate":true,"showSkybox":false,"showFlares":true,"showImageEffects":true,"showParticleSystems":true},"in2DMode":false,"pivot":{"x":-0.03780341148376465,"y":0.06327208876609802,"z":-0.0071617960929870609},"rotation":{"x":0.2998180091381073,"y":-0.0011562596773728729,"z":0.0003652293235063553,"w":0.9540024995803833},"size":1.292230486869812,"orthographic":false}