{"cameraMode":{"drawMode":0,"name":"Shaded","section":"Shading Mode"},"sceneLighting":false,"audioPlay":false,"sceneViewState":{"showFog":true,"showMaterialUpdate":true,"showSkybox":true,"showFlares":true,"showImageEffects":true,"showParticleSystems":true},"in2DMode":false,"pivot":{"x":7.300353050231934,"y":-9.504316329956055,"z":16.29568862915039},"rotation":{"x":0.2520725131034851,"y":-0.03600069135427475,"z":0.009386399760842324,"w":0.966999888420105},"size":14.050093650817871,"orthographic":false}