{"cameraMode":{"drawMode":0,"name":"Shaded","section":"Shading Mode"},"sceneLighting":false,"audioPlay":false,"sceneViewState":{"showFog":true,"showMaterialUpdate":true,"showSkybox":false,"showFlares":true,"showImageEffects":true,"showParticleSystems":true},"in2DMode":false,"pivot":{"x":-0.9103851318359375,"y":24.81157684326172,"z":-0.046909332275390628},"rotation":{"x":0.11704093217849732,"y":0.25785860419273379,"z":-0.031484782695770267,"w":0.9585529565811157},"size":49.182403564453128,"orthographic":false}